,kingdom,phylum,class,order,family,genus,species,list_form
1,Archaea,,,,,,Candidatus Pacearchaeota archaeon CG1_02_32_132,"['Archaea', 'Candidatus Pacearchaeota archaeon CG1_02_32_132']"
2,Archaea,,,,,,Candidatus Pacearchaeota archaeon CG1_02_39_14,"['Archaea', 'Candidatus Pacearchaeota archaeon CG1_02_39_14']"
3,Archaea,Euryarchaeota,,,,,uncultured marine group II/III euryarchaeote KM3_87_G01,"['Archaea', 'Euryarchaeota', 'uncultured marine group II/III euryarchaeote KM3_87_G01']"
4,Bacteria,,,,,,,['Bacteria']
5,Bacteria,,,,,,bacterium F082,"['Bacteria', 'bacterium F082']"
6,Bacteria,,,,,,bacterium P201,"['Bacteria', 'bacterium P201']"
7,Bacteria,,,,,,uncultured bacterium,"['Bacteria', 'uncultured bacterium']"
8,Bacteria,Acidobacteria,,,,,,"['Bacteria', 'Acidobacteria']"
9,Bacteria,Acidobacteria,,,,,Acidobacteria bacterium Mor1,"['Bacteria', 'Acidobacteria', 'Acidobacteria bacterium Mor1']"
10,Bacteria,Acidobacteria,,,,,Acidobacteria bacterium RIFCSPLOWO2_12_FULL_60_22,"['Bacteria', 'Acidobacteria', 'Acidobacteria bacterium RIFCSPLOWO2_12_FULL_60_22']"
11,Bacteria,Actinobacteria,Acidimicrobiia,Acidimicrobiales,Microthrixaceae,Candidatus Microthrix,Candidatus Microthrix parvicella,"['Bacteria', 'Actinobacteria', 'Acidimicrobiia', 'Acidimicrobiales', 'Microthrixaceae', 'Candidatus Microthrix', 'Candidatus Microthrix parvicella']"
12,Bacteria,Actinobacteria,Actinobacteria,,,,,"['Bacteria', 'Actinobacteria', 'Actinobacteria']"
13,Bacteria,Actinobacteria,Actinobacteria,,,,Actinobacteria bacterium 66_15,"['Bacteria', 'Actinobacteria', 'Actinobacteria', 'Actinobacteria bacterium 66_15']"
14,Bacteria,Actinobacteria,Actinobacteria,,,,Actinobacteria bacterium BACL15 MAG-120619-bin91,"['Bacteria', 'Actinobacteria', 'Actinobacteria', 'Actinobacteria bacterium BACL15 MAG-120619-bin91']"
15,Bacteria,Actinobacteria,Actinobacteria,Actinomycetales,Actinomycetaceae,Actinomyces,,"['Bacteria', 'Actinobacteria', 'Actinobacteria', 'Actinomycetales', 'Actinomycetaceae', 'Actinomyces']"
16,Bacteria,Actinobacteria,Actinobacteria,Actinomycetales,Actinomycetaceae,Actinomyces,Actinomyces odontolyticus,"['Bacteria', 'Actinobacteria', 'Actinobacteria', 'Actinomycetales', 'Actinomycetaceae', 'Actinomyces', 'Actinomyces odontolyticus']"
17,Bacteria,Actinobacteria,Actinobacteria,Actinomycetales,Actinomycetaceae,Actinomyces,Actinomyces urogenitalis,"['Bacteria', 'Actinobacteria', 'Actinobacteria', 'Actinomycetales', 'Actinomycetaceae', 'Actinomyces', 'Actinomyces urogenitalis']"
18,Bacteria,Actinobacteria,Actinobacteria,Actinomycetales,Actinomycetaceae,Varibaculum,Varibaculum cambriense,"['Bacteria', 'Actinobacteria', 'Actinobacteria', 'Actinomycetales', 'Actinomycetaceae', 'Varibaculum', 'Varibaculum cambriense']"
19,Bacteria,Actinobacteria,Actinobacteria,Bifidobacteriales,Bifidobacteriaceae,Bifidobacterium,Bifidobacterium longum,"['Bacteria', 'Actinobacteria', 'Actinobacteria', 'Bifidobacteriales', 'Bifidobacteriaceae', 'Bifidobacterium', 'Bifidobacterium longum']"
20,Bacteria,Actinobacteria,Actinobacteria,Corynebacteriales,Corynebacteriaceae,Corynebacterium,,"['Bacteria', 'Actinobacteria', 'Actinobacteria', 'Corynebacteriales', 'Corynebacteriaceae', 'Corynebacterium']"
21,Bacteria,Actinobacteria,Actinobacteria,Corynebacteriales,Corynebacteriaceae,Corynebacterium,Corynebacterium glyciniphilum,"['Bacteria', 'Actinobacteria', 'Actinobacteria', 'Corynebacteriales', 'Corynebacteriaceae', 'Corynebacterium', 'Corynebacterium glyciniphilum']"
22,Bacteria,Actinobacteria,Actinobacteria,Corynebacteriales,Corynebacteriaceae,Corynebacterium,Corynebacterium kroppenstedtii,"['Bacteria', 'Actinobacteria', 'Actinobacteria', 'Corynebacteriales', 'Corynebacteriaceae', 'Corynebacterium', 'Corynebacterium kroppenstedtii']"
23,Bacteria,Actinobacteria,Actinobacteria,Corynebacteriales,Corynebacteriaceae,Corynebacterium,Corynebacterium matruchotii,"['Bacteria', 'Actinobacteria', 'Actinobacteria', 'Corynebacteriales', 'Corynebacteriaceae', 'Corynebacterium', 'Corynebacterium matruchotii']"
24,Bacteria,Actinobacteria,Actinobacteria,Corynebacteriales,Mycobacteriaceae,Mycobacterium,Mycobacterium tuberculosis,"['Bacteria', 'Actinobacteria', 'Actinobacteria', 'Corynebacteriales', 'Mycobacteriaceae', 'Mycobacterium', 'Mycobacterium tuberculosis']"
25,Bacteria,Actinobacteria,Actinobacteria,Corynebacteriales,Nocardiaceae,Rhodococcus,Rhodococcus qingshengii,"['Bacteria', 'Actinobacteria', 'Actinobacteria', 'Corynebacteriales', 'Nocardiaceae', 'Rhodococcus', 'Rhodococcus qingshengii']"
26,Bacteria,Actinobacteria,Actinobacteria,Glycomycetales,Glycomycetaceae,Glycomyces,Glycomyces arizonensis,"['Bacteria', 'Actinobacteria', 'Actinobacteria', 'Glycomycetales', 'Glycomycetaceae', 'Glycomyces', 'Glycomyces arizonensis']"
27,Bacteria,Actinobacteria,Actinobacteria,Micrococcales,,,,"['Bacteria', 'Actinobacteria', 'Actinobacteria', 'Micrococcales']"
28,Bacteria,Actinobacteria,Actinobacteria,Micrococcales,Brevibacteriaceae,Brevibacterium,Brevibacterium casei,"['Bacteria', 'Actinobacteria', 'Actinobacteria', 'Micrococcales', 'Brevibacteriaceae', 'Brevibacterium', 'Brevibacterium casei']"
29,Bacteria,Actinobacteria,Actinobacteria,Micrococcales,Cellulomonadaceae,Cellulomonas,Cellulomonas timonensis,"['Bacteria', 'Actinobacteria', 'Actinobacteria', 'Micrococcales', 'Cellulomonadaceae', 'Cellulomonas', 'Cellulomonas timonensis']"
30,Bacteria,Actinobacteria,Actinobacteria,Micrococcales,Dermabacteraceae,Brachybacterium,Brachybacterium faecium,"['Bacteria', 'Actinobacteria', 'Actinobacteria', 'Micrococcales', 'Dermabacteraceae', 'Brachybacterium', 'Brachybacterium faecium']"
31,Bacteria,Actinobacteria,Actinobacteria,Micrococcales,Microbacteriaceae,Microbacterium,,"['Bacteria', 'Actinobacteria', 'Actinobacteria', 'Micrococcales', 'Microbacteriaceae', 'Microbacterium']"
32,Bacteria,Actinobacteria,Actinobacteria,Micrococcales,Microbacteriaceae,Yonghaparkia,,"['Bacteria', 'Actinobacteria', 'Actinobacteria', 'Micrococcales', 'Microbacteriaceae', 'Yonghaparkia']"
33,Bacteria,Actinobacteria,Actinobacteria,Micrococcales,Micrococcaceae,,,"['Bacteria', 'Actinobacteria', 'Actinobacteria', 'Micrococcales', 'Micrococcaceae']"
34,Bacteria,Actinobacteria,Actinobacteria,Micrococcales,Micrococcaceae,Kocuria,,"['Bacteria', 'Actinobacteria', 'Actinobacteria', 'Micrococcales', 'Micrococcaceae', 'Kocuria']"
35,Bacteria,Actinobacteria,Actinobacteria,Micrococcales,Micrococcaceae,Kocuria,Kocuria palustris,"['Bacteria', 'Actinobacteria', 'Actinobacteria', 'Micrococcales', 'Micrococcaceae', 'Kocuria', 'Kocuria palustris']"
36,Bacteria,Actinobacteria,Actinobacteria,Micrococcales,Micrococcaceae,Micrococcus,,"['Bacteria', 'Actinobacteria', 'Actinobacteria', 'Micrococcales', 'Micrococcaceae', 'Micrococcus']"
37,Bacteria,Actinobacteria,Actinobacteria,Micrococcales,Micrococcaceae,Rothia,,"['Bacteria', 'Actinobacteria', 'Actinobacteria', 'Micrococcales', 'Micrococcaceae', 'Rothia']"
38,Bacteria,Actinobacteria,Actinobacteria,Micromonosporales,Micromonosporaceae,Actinoplanes,,"['Bacteria', 'Actinobacteria', 'Actinobacteria', 'Micromonosporales', 'Micromonosporaceae', 'Actinoplanes']"
39,Bacteria,Actinobacteria,Actinobacteria,Propionibacteriales,,,,"['Bacteria', 'Actinobacteria', 'Actinobacteria', 'Propionibacteriales']"
40,Bacteria,Actinobacteria,Actinobacteria,Propionibacteriales,Nocardioidaceae,Nocardioides,Nocardioides alpinus,"['Bacteria', 'Actinobacteria', 'Actinobacteria', 'Propionibacteriales', 'Nocardioidaceae', 'Nocardioides', 'Nocardioides alpinus']"
41,Bacteria,Actinobacteria,Actinobacteria,Propionibacteriales,Propionibacteriaceae,,,"['Bacteria', 'Actinobacteria', 'Actinobacteria', 'Propionibacteriales', 'Propionibacteriaceae']"
42,Bacteria,Actinobacteria,Actinobacteria,Propionibacteriales,Propionibacteriaceae,Cutibacterium,Cutibacterium acnes,"['Bacteria', 'Actinobacteria', 'Actinobacteria', 'Propionibacteriales', 'Propionibacteriaceae', 'Cutibacterium', 'Cutibacterium acnes']"
43,Bacteria,Actinobacteria,Actinobacteria,Propionibacteriales,Propionibacteriaceae,Cutibacterium,[Propionibacterium] namnetense,"['Bacteria', 'Actinobacteria', 'Actinobacteria', 'Propionibacteriales', 'Propionibacteriaceae', 'Cutibacterium', '[Propionibacterium] namnetense']"
44,Bacteria,Actinobacteria,Actinobacteria,Propionibacteriales,Propionibacteriaceae,Propionibacterium,,"['Bacteria', 'Actinobacteria', 'Actinobacteria', 'Propionibacteriales', 'Propionibacteriaceae', 'Propionibacterium']"
45,Bacteria,Actinobacteria,Actinobacteria,Streptomycetales,Streptomycetaceae,Streptomyces,,"['Bacteria', 'Actinobacteria', 'Actinobacteria', 'Streptomycetales', 'Streptomycetaceae', 'Streptomyces']"
46,Bacteria,Actinobacteria,Actinobacteria,Streptosporangiales,Nocardiopsaceae,Nocardiopsis,Nocardiopsis salina,"['Bacteria', 'Actinobacteria', 'Actinobacteria', 'Streptosporangiales', 'Nocardiopsaceae', 'Nocardiopsis', 'Nocardiopsis salina']"
47,Bacteria,Actinobacteria,Thermoleophilia,Solirubrobacterales,Conexibacteraceae,Conexibacter,Conexibacter woesei,"['Bacteria', 'Actinobacteria', 'Thermoleophilia', 'Solirubrobacterales', 'Conexibacteraceae', 'Conexibacter', 'Conexibacter woesei']"
48,Bacteria,Bacteroidetes,,,,,,"['Bacteria', 'Bacteroidetes']"
49,Bacteria,Bacteroidetes,Bacteroidia,,,,,"['Bacteria', 'Bacteroidetes', 'Bacteroidia']"
50,Bacteria,Bacteroidetes,Bacteroidia,Bacteroidales,,,,"['Bacteria', 'Bacteroidetes', 'Bacteroidia', 'Bacteroidales']"
51,Bacteria,Bacteroidetes,Bacteroidia,Bacteroidales,,,Bacteroidales bacterium Barb4,"['Bacteria', 'Bacteroidetes', 'Bacteroidia', 'Bacteroidales', 'Bacteroidales bacterium Barb4']"
52,Bacteria,Bacteroidetes,Bacteroidia,Bacteroidales,,,Bacteroidales bacterium Barb7,"['Bacteria', 'Bacteroidetes', 'Bacteroidia', 'Bacteroidales', 'Bacteroidales bacterium Barb7']"
53,Bacteria,Bacteroidetes,Bacteroidia,Bacteroidales,Bacteroidaceae,Bacteroides,,"['Bacteria', 'Bacteroidetes', 'Bacteroidia', 'Bacteroidales', 'Bacteroidaceae', 'Bacteroides']"
54,Bacteria,Bacteroidetes,Bacteroidia,Bacteroidales,Bacteroidaceae,Bacteroides,Bacteroides caccae,"['Bacteria', 'Bacteroidetes', 'Bacteroidia', 'Bacteroidales', 'Bacteroidaceae', 'Bacteroides', 'Bacteroides caccae']"
55,Bacteria,Bacteroidetes,Bacteroidia,Bacteroidales,Bacteroidaceae,Bacteroides,Bacteroides fragilis,"['Bacteria', 'Bacteroidetes', 'Bacteroidia', 'Bacteroidales', 'Bacteroidaceae', 'Bacteroides', 'Bacteroides fragilis']"
56,Bacteria,Bacteroidetes,Bacteroidia,Bacteroidales,Bacteroidaceae,Bacteroides,Bacteroides intestinalis,"['Bacteria', 'Bacteroidetes', 'Bacteroidia', 'Bacteroidales', 'Bacteroidaceae', 'Bacteroides', 'Bacteroides intestinalis']"
57,Bacteria,Bacteroidetes,Bacteroidia,Bacteroidales,Bacteroidaceae,Bacteroides,Bacteroides ovatus,"['Bacteria', 'Bacteroidetes', 'Bacteroidia', 'Bacteroidales', 'Bacteroidaceae', 'Bacteroides', 'Bacteroides ovatus']"
58,Bacteria,Bacteroidetes,Bacteroidia,Bacteroidales,Bacteroidaceae,Bacteroides,Bacteroides sp. 2_1_33B,"['Bacteria', 'Bacteroidetes', 'Bacteroidia', 'Bacteroidales', 'Bacteroidaceae', 'Bacteroides', 'Bacteroides sp. 2_1_33B']"
59,Bacteria,Bacteroidetes,Bacteroidia,Bacteroidales,Bacteroidaceae,Bacteroides,Bacteroides sp. CAG:927,"['Bacteria', 'Bacteroidetes', 'Bacteroidia', 'Bacteroidales', 'Bacteroidaceae', 'Bacteroides', 'Bacteroides sp. CAG:927']"
60,Bacteria,Bacteroidetes,Bacteroidia,Bacteroidales,Bacteroidaceae,Bacteroides,Bacteroides stercoris,"['Bacteria', 'Bacteroidetes', 'Bacteroidia', 'Bacteroidales', 'Bacteroidaceae', 'Bacteroides', 'Bacteroides stercoris']"
61,Bacteria,Bacteroidetes,Bacteroidia,Bacteroidales,Bacteroidaceae,Bacteroides,Bacteroides vulgatus,"['Bacteria', 'Bacteroidetes', 'Bacteroidia', 'Bacteroidales', 'Bacteroidaceae', 'Bacteroides', 'Bacteroides vulgatus']"
62,Bacteria,Bacteroidetes,Bacteroidia,Bacteroidales,Bacteroidaceae,Bacteroides,Bacteroides xylanisolvens,"['Bacteria', 'Bacteroidetes', 'Bacteroidia', 'Bacteroidales', 'Bacteroidaceae', 'Bacteroides', 'Bacteroides xylanisolvens']"
63,Bacteria,Bacteroidetes,Bacteroidia,Bacteroidales,Bacteroidaceae,Bacteroides,uncultured Bacteroides sp.,"['Bacteria', 'Bacteroidetes', 'Bacteroidia', 'Bacteroidales', 'Bacteroidaceae', 'Bacteroides', 'uncultured Bacteroides sp.']"
64,Bacteria,Bacteroidetes,Bacteroidia,Bacteroidales,Barnesiellaceae,Barnesiella,Barnesiella intestinihominis,"['Bacteria', 'Bacteroidetes', 'Bacteroidia', 'Bacteroidales', 'Barnesiellaceae', 'Barnesiella', 'Barnesiella intestinihominis']"
65,Bacteria,Bacteroidetes,Bacteroidia,Bacteroidales,Odoribacteraceae,Odoribacter,,"['Bacteria', 'Bacteroidetes', 'Bacteroidia', 'Bacteroidales', 'Odoribacteraceae', 'Odoribacter']"
66,Bacteria,Bacteroidetes,Bacteroidia,Bacteroidales,Porphyromonadaceae,,,"['Bacteria', 'Bacteroidetes', 'Bacteroidia', 'Bacteroidales', 'Porphyromonadaceae']"
67,Bacteria,Bacteroidetes,Bacteroidia,Bacteroidales,Porphyromonadaceae,,Porphyromonadaceae bacterium COT-184 OH4590,"['Bacteria', 'Bacteroidetes', 'Bacteroidia', 'Bacteroidales', 'Porphyromonadaceae', 'Porphyromonadaceae bacterium COT-184 OH4590']"
68,Bacteria,Bacteroidetes,Bacteroidia,Bacteroidales,Porphyromonadaceae,Porphyromonas,Porphyromonas cangingivalis,"['Bacteria', 'Bacteroidetes', 'Bacteroidia', 'Bacteroidales', 'Porphyromonadaceae', 'Porphyromonas', 'Porphyromonas cangingivalis']"
69,Bacteria,Bacteroidetes,Bacteroidia,Bacteroidales,Porphyromonadaceae,Porphyromonas,Porphyromonas crevioricanis,"['Bacteria', 'Bacteroidetes', 'Bacteroidia', 'Bacteroidales', 'Porphyromonadaceae', 'Porphyromonas', 'Porphyromonas crevioricanis']"
70,Bacteria,Bacteroidetes,Bacteroidia,Bacteroidales,Porphyromonadaceae,Porphyromonas,Porphyromonas gingivalis,"['Bacteria', 'Bacteroidetes', 'Bacteroidia', 'Bacteroidales', 'Porphyromonadaceae', 'Porphyromonas', 'Porphyromonas gingivalis']"
71,Bacteria,Bacteroidetes,Bacteroidia,Bacteroidales,Prevotellaceae,Paraprevotella,Paraprevotella clara,"['Bacteria', 'Bacteroidetes', 'Bacteroidia', 'Bacteroidales', 'Prevotellaceae', 'Paraprevotella', 'Paraprevotella clara']"
72,Bacteria,Bacteroidetes,Bacteroidia,Bacteroidales,Prevotellaceae,Prevotella,,"['Bacteria', 'Bacteroidetes', 'Bacteroidia', 'Bacteroidales', 'Prevotellaceae', 'Prevotella']"
73,Bacteria,Bacteroidetes,Bacteroidia,Bacteroidales,Prevotellaceae,Prevotella,Prevotella amnii,"['Bacteria', 'Bacteroidetes', 'Bacteroidia', 'Bacteroidales', 'Prevotellaceae', 'Prevotella', 'Prevotella amnii']"
74,Bacteria,Bacteroidetes,Bacteroidia,Bacteroidales,Prevotellaceae,Prevotella,Prevotella copri,"['Bacteria', 'Bacteroidetes', 'Bacteroidia', 'Bacteroidales', 'Prevotellaceae', 'Prevotella', 'Prevotella copri']"
75,Bacteria,Bacteroidetes,Bacteroidia,Bacteroidales,Prevotellaceae,Prevotella,Prevotella sp. CAG:873,"['Bacteria', 'Bacteroidetes', 'Bacteroidia', 'Bacteroidales', 'Prevotellaceae', 'Prevotella', 'Prevotella sp. CAG:873']"
76,Bacteria,Bacteroidetes,Bacteroidia,Bacteroidales,Prevotellaceae,Prevotella,Prevotella sp. oral taxon 472,"['Bacteria', 'Bacteroidetes', 'Bacteroidia', 'Bacteroidales', 'Prevotellaceae', 'Prevotella', 'Prevotella sp. oral taxon 472']"
77,Bacteria,Bacteroidetes,Bacteroidia,Bacteroidales,Tannerellaceae,,,"['Bacteria', 'Bacteroidetes', 'Bacteroidia', 'Bacteroidales', 'Tannerellaceae']"
78,Bacteria,Bacteroidetes,Bacteroidia,Bacteroidales,Tannerellaceae,Parabacteroides,,"['Bacteria', 'Bacteroidetes', 'Bacteroidia', 'Bacteroidales', 'Tannerellaceae', 'Parabacteroides']"
79,Bacteria,Bacteroidetes,Bacteroidia,Bacteroidales,Tannerellaceae,Parabacteroides,Parabacteroides chinchillae,"['Bacteria', 'Bacteroidetes', 'Bacteroidia', 'Bacteroidales', 'Tannerellaceae', 'Parabacteroides', 'Parabacteroides chinchillae']"
80,Bacteria,Bacteroidetes,Bacteroidia,Bacteroidales,Tannerellaceae,Parabacteroides,Parabacteroides distasonis,"['Bacteria', 'Bacteroidetes', 'Bacteroidia', 'Bacteroidales', 'Tannerellaceae', 'Parabacteroides', 'Parabacteroides distasonis']"
81,Bacteria,Bacteroidetes,Bacteroidia,Bacteroidales,Tannerellaceae,Parabacteroides,Parabacteroides goldsteinii,"['Bacteria', 'Bacteroidetes', 'Bacteroidia', 'Bacteroidales', 'Tannerellaceae', 'Parabacteroides', 'Parabacteroides goldsteinii']"
82,Bacteria,Bacteroidetes,Bacteroidia,Bacteroidales,Tannerellaceae,Parabacteroides,Parabacteroides merdae,"['Bacteria', 'Bacteroidetes', 'Bacteroidia', 'Bacteroidales', 'Tannerellaceae', 'Parabacteroides', 'Parabacteroides merdae']"
83,Bacteria,Bacteroidetes,Bacteroidia,Bacteroidales,Tannerellaceae,Parabacteroides,Parabacteroides sp. 2_1_7,"['Bacteria', 'Bacteroidetes', 'Bacteroidia', 'Bacteroidales', 'Tannerellaceae', 'Parabacteroides', 'Parabacteroides sp. 2_1_7']"
84,Bacteria,Bacteroidetes,Bacteroidia,Bacteroidales,Tannerellaceae,Parabacteroides,Parabacteroides sp. ASF519,"['Bacteria', 'Bacteroidetes', 'Bacteroidia', 'Bacteroidales', 'Tannerellaceae', 'Parabacteroides', 'Parabacteroides sp. ASF519']"
85,Bacteria,Bacteroidetes,Bacteroidia,Bacteroidales,Tannerellaceae,Parabacteroides,Parabacteroides sp. HGS0025,"['Bacteria', 'Bacteroidetes', 'Bacteroidia', 'Bacteroidales', 'Tannerellaceae', 'Parabacteroides', 'Parabacteroides sp. HGS0025']"
86,Bacteria,Bacteroidetes,Bacteroidia,Bacteroidales,Tannerellaceae,Tannerella,Tannerella sp. 6_1_58FAA_CT1,"['Bacteria', 'Bacteroidetes', 'Bacteroidia', 'Bacteroidales', 'Tannerellaceae', 'Tannerella', 'Tannerella sp. 6_1_58FAA_CT1']"
87,Bacteria,Bacteroidetes,Bacteroidia,Bacteroidales,Tannerellaceae,Tannerella,Tannerella sp. oral taxon HOT-286,"['Bacteria', 'Bacteroidetes', 'Bacteroidia', 'Bacteroidales', 'Tannerellaceae', 'Tannerella', 'Tannerella sp. oral taxon HOT-286']"
88,Bacteria,Bacteroidetes,Bacteroidia,Marinilabiliales,Prolixibacteraceae,Draconibacterium,,"['Bacteria', 'Bacteroidetes', 'Bacteroidia', 'Marinilabiliales', 'Prolixibacteraceae', 'Draconibacterium']"
89,Bacteria,Bacteroidetes,Chitinophagia,Chitinophagales,Chitinophagaceae,,,"['Bacteria', 'Bacteroidetes', 'Chitinophagia', 'Chitinophagales', 'Chitinophagaceae']"
90,Bacteria,Bacteroidetes,Chitinophagia,Chitinophagales,Chitinophagaceae,Arachidicoccus,Arachidicoccus rhizosphaerae,"['Bacteria', 'Bacteroidetes', 'Chitinophagia', 'Chitinophagales', 'Chitinophagaceae', 'Arachidicoccus', 'Arachidicoccus rhizosphaerae']"
91,Bacteria,Bacteroidetes,Cytophagia,Cytophagales,Cytophagaceae,Arsenicibacter,Arsenicibacter rosenii,"['Bacteria', 'Bacteroidetes', 'Cytophagia', 'Cytophagales', 'Cytophagaceae', 'Arsenicibacter', 'Arsenicibacter rosenii']"
92,Bacteria,Bacteroidetes,Cytophagia,Cytophagales,Cytophagaceae,Pseudarcicella,Pseudarcicella hirudinis,"['Bacteria', 'Bacteroidetes', 'Cytophagia', 'Cytophagales', 'Cytophagaceae', 'Pseudarcicella', 'Pseudarcicella hirudinis']"
93,Bacteria,Bacteroidetes,Cytophagia,Cytophagales,Flammeovirgaceae,,,"['Bacteria', 'Bacteroidetes', 'Cytophagia', 'Cytophagales', 'Flammeovirgaceae']"
94,Bacteria,Bacteroidetes,Cytophagia,Cytophagales,Flammeovirgaceae,Flammeovirga,Flammeovirga yaeyamensis,"['Bacteria', 'Bacteroidetes', 'Cytophagia', 'Cytophagales', 'Flammeovirgaceae', 'Flammeovirga', 'Flammeovirga yaeyamensis']"
95,Bacteria,Bacteroidetes,Cytophagia,Cytophagales,Hymenobacteraceae,Hymenobacter,Hymenobacter sp. AT01-02,"['Bacteria', 'Bacteroidetes', 'Cytophagia', 'Cytophagales', 'Hymenobacteraceae', 'Hymenobacter', 'Hymenobacter sp. AT01-02']"
96,Bacteria,Bacteroidetes,Flavobacteriia,,,,,"['Bacteria', 'Bacteroidetes', 'Flavobacteriia']"
97,Bacteria,Bacteroidetes,Flavobacteriia,Flavobacteriales,Flavobacteriaceae,,,"['Bacteria', 'Bacteroidetes', 'Flavobacteriia', 'Flavobacteriales', 'Flavobacteriaceae']"
98,Bacteria,Bacteroidetes,Flavobacteriia,Flavobacteriales,Flavobacteriaceae,Capnocytophaga,Capnocytophaga sputigena,"['Bacteria', 'Bacteroidetes', 'Flavobacteriia', 'Flavobacteriales', 'Flavobacteriaceae', 'Capnocytophaga', 'Capnocytophaga sputigena']"
99,Bacteria,Bacteroidetes,Flavobacteriia,Flavobacteriales,Flavobacteriaceae,Chryseobacterium,,"['Bacteria', 'Bacteroidetes', 'Flavobacteriia', 'Flavobacteriales', 'Flavobacteriaceae', 'Chryseobacterium']"
100,Bacteria,Bacteroidetes,Flavobacteriia,Flavobacteriales,Flavobacteriaceae,Flavobacterium,,"['Bacteria', 'Bacteroidetes', 'Flavobacteriia', 'Flavobacteriales', 'Flavobacteriaceae', 'Flavobacterium']"
101,Bacteria,Bacteroidetes,Flavobacteriia,Flavobacteriales,Flavobacteriaceae,Flavobacterium,Flavobacterium aquatile,"['Bacteria', 'Bacteroidetes', 'Flavobacteriia', 'Flavobacteriales', 'Flavobacteriaceae', 'Flavobacterium', 'Flavobacterium aquatile']"
102,Bacteria,Bacteroidetes,Flavobacteriia,Flavobacteriales,Flavobacteriaceae,Flavobacterium,Flavobacterium spartansii,"['Bacteria', 'Bacteroidetes', 'Flavobacteriia', 'Flavobacteriales', 'Flavobacteriaceae', 'Flavobacterium', 'Flavobacterium spartansii']"
103,Bacteria,Bacteroidetes,Flavobacteriia,Flavobacteriales,Flavobacteriaceae,Polaribacter,Polaribacter vadi,"['Bacteria', 'Bacteroidetes', 'Flavobacteriia', 'Flavobacteriales', 'Flavobacteriaceae', 'Polaribacter', 'Polaribacter vadi']"
104,Bacteria,Bacteroidetes,Flavobacteriia,Flavobacteriales,Flavobacteriaceae,Tamlana,Tamlana sp. s12,"['Bacteria', 'Bacteroidetes', 'Flavobacteriia', 'Flavobacteriales', 'Flavobacteriaceae', 'Tamlana', 'Tamlana sp. s12']"
105,Bacteria,Bacteroidetes,Saprospiria,Saprospirales,Saprospiraceae,Aureispira,Aureispira sp. CCB-QB1,"['Bacteria', 'Bacteroidetes', 'Saprospiria', 'Saprospirales', 'Saprospiraceae', 'Aureispira', 'Aureispira sp. CCB-QB1']"
106,Bacteria,Bacteroidetes,Sphingobacteriia,Sphingobacteriales,Sphingobacteriaceae,,,"['Bacteria', 'Bacteroidetes', 'Sphingobacteriia', 'Sphingobacteriales', 'Sphingobacteriaceae']"
107,Bacteria,Bacteroidetes,Sphingobacteriia,Sphingobacteriales,Sphingobacteriaceae,Pedobacter,Pedobacter oryzae,"['Bacteria', 'Bacteroidetes', 'Sphingobacteriia', 'Sphingobacteriales', 'Sphingobacteriaceae', 'Pedobacter', 'Pedobacter oryzae']"
108,Bacteria,Candidatus Chisholmbacteria,,,,,Candidatus Chisholmbacteria bacterium RIFCSPLOWO2_01_FULL_49_14,"['Bacteria', 'Candidatus Chisholmbacteria', 'Candidatus Chisholmbacteria bacterium RIFCSPLOWO2_01_FULL_49_14']"
109,Bacteria,Candidatus Giovannonibacteria,,,,,,"['Bacteria', 'Candidatus Giovannonibacteria']"
110,Bacteria,Candidatus Kaiserbacteria,,,,,,"['Bacteria', 'Candidatus Kaiserbacteria']"
111,Bacteria,Candidatus Parcubacteria,,,,,Parcubacteria bacterium C7867-004,"['Bacteria', 'Candidatus Parcubacteria', 'Parcubacteria bacterium C7867-004']"
112,Bacteria,Candidatus Peregrinibacteria,,,,,,"['Bacteria', 'Candidatus Peregrinibacteria']"
113,Bacteria,Candidatus Saccharibacteria,,,,,,"['Bacteria', 'Candidatus Saccharibacteria']"
114,Bacteria,Candidatus Taylorbacteria,,,,,,"['Bacteria', 'Candidatus Taylorbacteria']"
115,Bacteria,Chlamydiae,Chlamydiia,Chlamydiales,Chlamydiaceae,Chlamydia,Chlamydia psittaci,"['Bacteria', 'Chlamydiae', 'Chlamydiia', 'Chlamydiales', 'Chlamydiaceae', 'Chlamydia', 'Chlamydia psittaci']"
116,Bacteria,Chlamydiae,Chlamydiia,Chlamydiales,Chlamydiaceae,Chlamydia,Chlamydia trachomatis,"['Bacteria', 'Chlamydiae', 'Chlamydiia', 'Chlamydiales', 'Chlamydiaceae', 'Chlamydia', 'Chlamydia trachomatis']"
117,Bacteria,Chlorobi,,,,,Chlorobi bacterium OLB4,"['Bacteria', 'Chlorobi', 'Chlorobi bacterium OLB4']"
118,Bacteria,Chrysiogenetes,Chrysiogenetes,Chrysiogenales,Chrysiogenaceae,Chrysiogenes,Chrysiogenes arsenatis,"['Bacteria', 'Chrysiogenetes', 'Chrysiogenetes', 'Chrysiogenales', 'Chrysiogenaceae', 'Chrysiogenes', 'Chrysiogenes arsenatis']"
119,Bacteria,Deferribacteres,Deferribacteres,Deferribacterales,Deferribacteraceae,Mucispirillum,Mucispirillum schaedleri,"['Bacteria', 'Deferribacteres', 'Deferribacteres', 'Deferribacterales', 'Deferribacteraceae', 'Mucispirillum', 'Mucispirillum schaedleri']"
120,Bacteria,Deinococcus-Thermus,Deinococci,Thermales,Thermaceae,Meiothermus,Meiothermus silvanus,"['Bacteria', 'Deinococcus-Thermus', 'Deinococci', 'Thermales', 'Thermaceae', 'Meiothermus', 'Meiothermus silvanus']"
121,Bacteria,Elusimicrobia,,,,,Elusimicrobia bacterium RIFCSPLOWO2_01_FULL_54_10,"['Bacteria', 'Elusimicrobia', 'Elusimicrobia bacterium RIFCSPLOWO2_01_FULL_54_10']"
122,Bacteria,Firmicutes,,,,,,"['Bacteria', 'Firmicutes']"
123,Bacteria,Firmicutes,Bacilli,,,,,"['Bacteria', 'Firmicutes', 'Bacilli']"
124,Bacteria,Firmicutes,Bacilli,Bacillales,,,,"['Bacteria', 'Firmicutes', 'Bacilli', 'Bacillales']"
125,Bacteria,Firmicutes,Bacilli,Bacillales,Bacillaceae,,,"['Bacteria', 'Firmicutes', 'Bacilli', 'Bacillales', 'Bacillaceae']"
126,Bacteria,Firmicutes,Bacilli,Bacillales,Bacillaceae,Bacillus,Bacillus cereus,"['Bacteria', 'Firmicutes', 'Bacilli', 'Bacillales', 'Bacillaceae', 'Bacillus', 'Bacillus cereus']"
127,Bacteria,Firmicutes,Bacilli,Bacillales,Bacillaceae,Geobacillus,Geobacillus thermoleovorans,"['Bacteria', 'Firmicutes', 'Bacilli', 'Bacillales', 'Bacillaceae', 'Geobacillus', 'Geobacillus thermoleovorans']"
128,Bacteria,Firmicutes,Bacilli,Bacillales,Bacillaceae,Psychrobacillus,Psychrobacillus sp. FJAT-21963,"['Bacteria', 'Firmicutes', 'Bacilli', 'Bacillales', 'Bacillaceae', 'Psychrobacillus', 'Psychrobacillus sp. FJAT-21963']"
129,Bacteria,Firmicutes,Bacilli,Bacillales,Paenibacillaceae,Paenibacillus,,"['Bacteria', 'Firmicutes', 'Bacilli', 'Bacillales', 'Paenibacillaceae', 'Paenibacillus']"
130,Bacteria,Firmicutes,Bacilli,Bacillales,Paenibacillaceae,Paenibacillus,Paenibacillus macerans,"['Bacteria', 'Firmicutes', 'Bacilli', 'Bacillales', 'Paenibacillaceae', 'Paenibacillus', 'Paenibacillus macerans']"
131,Bacteria,Firmicutes,Bacilli,Bacillales,Staphylococcaceae,Staphylococcus,Staphylococcus aureus,"['Bacteria', 'Firmicutes', 'Bacilli', 'Bacillales', 'Staphylococcaceae', 'Staphylococcus', 'Staphylococcus aureus']"
132,Bacteria,Firmicutes,Bacilli,Lactobacillales,,,,"['Bacteria', 'Firmicutes', 'Bacilli', 'Lactobacillales']"
133,Bacteria,Firmicutes,Bacilli,Lactobacillales,Carnobacteriaceae,Carnobacterium,Carnobacterium maltaromaticum,"['Bacteria', 'Firmicutes', 'Bacilli', 'Lactobacillales', 'Carnobacteriaceae', 'Carnobacterium', 'Carnobacterium maltaromaticum']"
134,Bacteria,Firmicutes,Bacilli,Lactobacillales,Enterococcaceae,Enterococcus,,"['Bacteria', 'Firmicutes', 'Bacilli', 'Lactobacillales', 'Enterococcaceae', 'Enterococcus']"
135,Bacteria,Firmicutes,Bacilli,Lactobacillales,Enterococcaceae,Enterococcus,Enterococcus durans,"['Bacteria', 'Firmicutes', 'Bacilli', 'Lactobacillales', 'Enterococcaceae', 'Enterococcus', 'Enterococcus durans']"
136,Bacteria,Firmicutes,Bacilli,Lactobacillales,Enterococcaceae,Enterococcus,Enterococcus faecalis,"['Bacteria', 'Firmicutes', 'Bacilli', 'Lactobacillales', 'Enterococcaceae', 'Enterococcus', 'Enterococcus faecalis']"
137,Bacteria,Firmicutes,Bacilli,Lactobacillales,Enterococcaceae,Enterococcus,Enterococcus faecium,"['Bacteria', 'Firmicutes', 'Bacilli', 'Lactobacillales', 'Enterococcaceae', 'Enterococcus', 'Enterococcus faecium']"
138,Bacteria,Firmicutes,Bacilli,Lactobacillales,Lactobacillaceae,,,"['Bacteria', 'Firmicutes', 'Bacilli', 'Lactobacillales', 'Lactobacillaceae']"
139,Bacteria,Firmicutes,Bacilli,Lactobacillales,Lactobacillaceae,Lactobacillus,,"['Bacteria', 'Firmicutes', 'Bacilli', 'Lactobacillales', 'Lactobacillaceae', 'Lactobacillus']"
140,Bacteria,Firmicutes,Bacilli,Lactobacillales,Lactobacillaceae,Lactobacillus,Lactobacillus animalis,"['Bacteria', 'Firmicutes', 'Bacilli', 'Lactobacillales', 'Lactobacillaceae', 'Lactobacillus', 'Lactobacillus animalis']"
141,Bacteria,Firmicutes,Bacilli,Lactobacillales,Lactobacillaceae,Lactobacillus,Lactobacillus fermentum,"['Bacteria', 'Firmicutes', 'Bacilli', 'Lactobacillales', 'Lactobacillaceae', 'Lactobacillus', 'Lactobacillus fermentum']"
142,Bacteria,Firmicutes,Bacilli,Lactobacillales,Lactobacillaceae,Lactobacillus,Lactobacillus gasseri,"['Bacteria', 'Firmicutes', 'Bacilli', 'Lactobacillales', 'Lactobacillaceae', 'Lactobacillus', 'Lactobacillus gasseri']"
143,Bacteria,Firmicutes,Bacilli,Lactobacillales,Lactobacillaceae,Lactobacillus,Lactobacillus jensenii,"['Bacteria', 'Firmicutes', 'Bacilli', 'Lactobacillales', 'Lactobacillaceae', 'Lactobacillus', 'Lactobacillus jensenii']"
144,Bacteria,Firmicutes,Bacilli,Lactobacillales,Lactobacillaceae,Lactobacillus,Lactobacillus murinus,"['Bacteria', 'Firmicutes', 'Bacilli', 'Lactobacillales', 'Lactobacillaceae', 'Lactobacillus', 'Lactobacillus murinus']"
145,Bacteria,Firmicutes,Bacilli,Lactobacillales,Lactobacillaceae,Lactobacillus,Lactobacillus pentosus,"['Bacteria', 'Firmicutes', 'Bacilli', 'Lactobacillales', 'Lactobacillaceae', 'Lactobacillus', 'Lactobacillus pentosus']"
146,Bacteria,Firmicutes,Bacilli,Lactobacillales,Lactobacillaceae,Lactobacillus,Lactobacillus reuteri,"['Bacteria', 'Firmicutes', 'Bacilli', 'Lactobacillales', 'Lactobacillaceae', 'Lactobacillus', 'Lactobacillus reuteri']"
147,Bacteria,Firmicutes,Bacilli,Lactobacillales,Lactobacillaceae,Lactobacillus,Lactobacillus rhamnosus,"['Bacteria', 'Firmicutes', 'Bacilli', 'Lactobacillales', 'Lactobacillaceae', 'Lactobacillus', 'Lactobacillus rhamnosus']"
148,Bacteria,Firmicutes,Bacilli,Lactobacillales,Lactobacillaceae,Lactobacillus,Lactobacillus ruminis,"['Bacteria', 'Firmicutes', 'Bacilli', 'Lactobacillales', 'Lactobacillaceae', 'Lactobacillus', 'Lactobacillus ruminis']"
149,Bacteria,Firmicutes,Bacilli,Lactobacillales,Lactobacillaceae,Lactobacillus,Lactobacillus salivarius,"['Bacteria', 'Firmicutes', 'Bacilli', 'Lactobacillales', 'Lactobacillaceae', 'Lactobacillus', 'Lactobacillus salivarius']"
150,Bacteria,Firmicutes,Bacilli,Lactobacillales,Streptococcaceae,Lactococcus,Lactococcus lactis,"['Bacteria', 'Firmicutes', 'Bacilli', 'Lactobacillales', 'Streptococcaceae', 'Lactococcus', 'Lactococcus lactis']"
151,Bacteria,Firmicutes,Bacilli,Lactobacillales,Streptococcaceae,Streptococcus,,"['Bacteria', 'Firmicutes', 'Bacilli', 'Lactobacillales', 'Streptococcaceae', 'Streptococcus']"
152,Bacteria,Firmicutes,Bacilli,Lactobacillales,Streptococcaceae,Streptococcus,Streptococcus mitis,"['Bacteria', 'Firmicutes', 'Bacilli', 'Lactobacillales', 'Streptococcaceae', 'Streptococcus', 'Streptococcus mitis']"
153,Bacteria,Firmicutes,Bacilli,Lactobacillales,Streptococcaceae,Streptococcus,Streptococcus mutans,"['Bacteria', 'Firmicutes', 'Bacilli', 'Lactobacillales', 'Streptococcaceae', 'Streptococcus', 'Streptococcus mutans']"
154,Bacteria,Firmicutes,Bacilli,Lactobacillales,Streptococcaceae,Streptococcus,Streptococcus pneumoniae,"['Bacteria', 'Firmicutes', 'Bacilli', 'Lactobacillales', 'Streptococcaceae', 'Streptococcus', 'Streptococcus pneumoniae']"
155,Bacteria,Firmicutes,Bacilli,Lactobacillales,Streptococcaceae,Streptococcus,Streptococcus thermophilus,"['Bacteria', 'Firmicutes', 'Bacilli', 'Lactobacillales', 'Streptococcaceae', 'Streptococcus', 'Streptococcus thermophilus']"
156,Bacteria,Firmicutes,Clostridia,,,,,"['Bacteria', 'Firmicutes', 'Clostridia']"
157,Bacteria,Firmicutes,Clostridia,Clostridiales,,,,"['Bacteria', 'Firmicutes', 'Clostridia', 'Clostridiales']"
158,Bacteria,Firmicutes,Clostridia,Clostridiales,,Pseudoflavonifractor,Pseudoflavonifractor capillosus,"['Bacteria', 'Firmicutes', 'Clostridia', 'Clostridiales', 'Pseudoflavonifractor', 'Pseudoflavonifractor capillosus']"
159,Bacteria,Firmicutes,Clostridia,Clostridiales,Clostridiaceae,,,"['Bacteria', 'Firmicutes', 'Clostridia', 'Clostridiales', 'Clostridiaceae']"
160,Bacteria,Firmicutes,Clostridia,Clostridiales,Clostridiaceae,Clostridium,,"['Bacteria', 'Firmicutes', 'Clostridia', 'Clostridiales', 'Clostridiaceae', 'Clostridium']"
161,Bacteria,Firmicutes,Clostridia,Clostridiales,Clostridiaceae,Clostridium,Clostridium botulinum,"['Bacteria', 'Firmicutes', 'Clostridia', 'Clostridiales', 'Clostridiaceae', 'Clostridium', 'Clostridium botulinum']"
162,Bacteria,Firmicutes,Clostridia,Clostridiales,Clostridiaceae,Clostridium,Clostridium sp. ASF356,"['Bacteria', 'Firmicutes', 'Clostridia', 'Clostridiales', 'Clostridiaceae', 'Clostridium', 'Clostridium sp. ASF356']"
163,Bacteria,Firmicutes,Clostridia,Clostridiales,Clostridiaceae,Clostridium,Clostridium sp. BL8,"['Bacteria', 'Firmicutes', 'Clostridia', 'Clostridiales', 'Clostridiaceae', 'Clostridium', 'Clostridium sp. BL8']"
164,Bacteria,Firmicutes,Clostridia,Clostridiales,Clostridiaceae,Clostridium,Clostridium sp. CAG:245,"['Bacteria', 'Firmicutes', 'Clostridia', 'Clostridiales', 'Clostridiaceae', 'Clostridium', 'Clostridium sp. CAG:245']"
165,Bacteria,Firmicutes,Clostridia,Clostridiales,Clostridiaceae,Clostridium,Clostridium sp. D5,"['Bacteria', 'Firmicutes', 'Clostridia', 'Clostridiales', 'Clostridiaceae', 'Clostridium', 'Clostridium sp. D5']"
166,Bacteria,Firmicutes,Clostridia,Clostridiales,Clostridiaceae,Clostridium,Clostridium sp. DMHC 10,"['Bacteria', 'Firmicutes', 'Clostridia', 'Clostridiales', 'Clostridiaceae', 'Clostridium', 'Clostridium sp. DMHC 10']"
167,Bacteria,Firmicutes,Clostridia,Clostridiales,Clostridiaceae,Clostridium,Clostridium sp. L2-50,"['Bacteria', 'Firmicutes', 'Clostridia', 'Clostridiales', 'Clostridiaceae', 'Clostridium', 'Clostridium sp. L2-50']"
168,Bacteria,Firmicutes,Clostridia,Clostridiales,Clostridiaceae,Clostridium,Clostridium sp. M62/1,"['Bacteria', 'Firmicutes', 'Clostridia', 'Clostridiales', 'Clostridiaceae', 'Clostridium', 'Clostridium sp. M62/1']"
169,Bacteria,Firmicutes,Clostridia,Clostridiales,Clostridiaceae,Clostridium,Clostridium sp. SS2/1,"['Bacteria', 'Firmicutes', 'Clostridia', 'Clostridiales', 'Clostridiaceae', 'Clostridium', 'Clostridium sp. SS2/1']"
170,Bacteria,Firmicutes,Clostridia,Clostridiales,Clostridiaceae,Clostridium,uncultured Clostridium sp.,"['Bacteria', 'Firmicutes', 'Clostridia', 'Clostridiales', 'Clostridiaceae', 'Clostridium', 'uncultured Clostridium sp.']"
171,Bacteria,Firmicutes,Clostridia,Clostridiales,Clostridiaceae,Hungatella,Hungatella hathewayi,"['Bacteria', 'Firmicutes', 'Clostridia', 'Clostridiales', 'Clostridiaceae', 'Hungatella', 'Hungatella hathewayi']"
172,Bacteria,Firmicutes,Clostridia,Clostridiales,Clostridiaceae,Thermobrachium,Thermobrachium celere,"['Bacteria', 'Firmicutes', 'Clostridia', 'Clostridiales', 'Clostridiaceae', 'Thermobrachium', 'Thermobrachium celere']"
173,Bacteria,Firmicutes,Clostridia,Clostridiales,Clostridiaceae,Thermotalea,Thermotalea metallivorans,"['Bacteria', 'Firmicutes', 'Clostridia', 'Clostridiales', 'Clostridiaceae', 'Thermotalea', 'Thermotalea metallivorans']"
174,Bacteria,Firmicutes,Clostridia,Clostridiales,Eubacteriaceae,Eubacterium,Eubacterium ramulus,"['Bacteria', 'Firmicutes', 'Clostridia', 'Clostridiales', 'Eubacteriaceae', 'Eubacterium', 'Eubacterium ramulus']"
175,Bacteria,Firmicutes,Clostridia,Clostridiales,Eubacteriaceae,Eubacterium,Eubacterium ventriosum,"['Bacteria', 'Firmicutes', 'Clostridia', 'Clostridiales', 'Eubacteriaceae', 'Eubacterium', 'Eubacterium ventriosum']"
176,Bacteria,Firmicutes,Clostridia,Clostridiales,Heliobacteriaceae,Heliobacterium,Heliobacterium modesticaldum,"['Bacteria', 'Firmicutes', 'Clostridia', 'Clostridiales', 'Heliobacteriaceae', 'Heliobacterium', 'Heliobacterium modesticaldum']"
177,Bacteria,Firmicutes,Clostridia,Clostridiales,Lachnospiraceae,,,"['Bacteria', 'Firmicutes', 'Clostridia', 'Clostridiales', 'Lachnospiraceae']"
178,Bacteria,Firmicutes,Clostridia,Clostridiales,Lachnospiraceae,,Lachnospiraceae bacterium 5_1_63FAA,"['Bacteria', 'Firmicutes', 'Clostridia', 'Clostridiales', 'Lachnospiraceae', 'Lachnospiraceae bacterium 5_1_63FAA']"
179,Bacteria,Firmicutes,Clostridia,Clostridiales,Lachnospiraceae,,Lachnospiraceae bacterium 6_1_37FAA,"['Bacteria', 'Firmicutes', 'Clostridia', 'Clostridiales', 'Lachnospiraceae', 'Lachnospiraceae bacterium 6_1_37FAA']"
180,Bacteria,Firmicutes,Clostridia,Clostridiales,Lachnospiraceae,,Lachnospiraceae bacterium 8_1_57FAA,"['Bacteria', 'Firmicutes', 'Clostridia', 'Clostridiales', 'Lachnospiraceae', 'Lachnospiraceae bacterium 8_1_57FAA']"
181,Bacteria,Firmicutes,Clostridia,Clostridiales,Lachnospiraceae,,Lachnospiraceae bacterium 9_1_43BFAA,"['Bacteria', 'Firmicutes', 'Clostridia', 'Clostridiales', 'Lachnospiraceae', 'Lachnospiraceae bacterium 9_1_43BFAA']"
182,Bacteria,Firmicutes,Clostridia,Clostridiales,Lachnospiraceae,,Lachnospiraceae bacterium A4,"['Bacteria', 'Firmicutes', 'Clostridia', 'Clostridiales', 'Lachnospiraceae', 'Lachnospiraceae bacterium A4']"
183,Bacteria,Firmicutes,Clostridia,Clostridiales,Lachnospiraceae,Blautia,,"['Bacteria', 'Firmicutes', 'Clostridia', 'Clostridiales', 'Lachnospiraceae', 'Blautia']"
184,Bacteria,Firmicutes,Clostridia,Clostridiales,Lachnospiraceae,Blautia,Blautia obeum,"['Bacteria', 'Firmicutes', 'Clostridia', 'Clostridiales', 'Lachnospiraceae', 'Blautia', 'Blautia obeum']"
185,Bacteria,Firmicutes,Clostridia,Clostridiales,Lachnospiraceae,Blautia,Blautia producta,"['Bacteria', 'Firmicutes', 'Clostridia', 'Clostridiales', 'Lachnospiraceae', 'Blautia', 'Blautia producta']"
186,Bacteria,Firmicutes,Clostridia,Clostridiales,Lachnospiraceae,Blautia,Blautia sp. YL58,"['Bacteria', 'Firmicutes', 'Clostridia', 'Clostridiales', 'Lachnospiraceae', 'Blautia', 'Blautia sp. YL58']"
187,Bacteria,Firmicutes,Clostridia,Clostridiales,Lachnospiraceae,Blautia,[Ruminococcus] gnavus,"['Bacteria', 'Firmicutes', 'Clostridia', 'Clostridiales', 'Lachnospiraceae', 'Blautia', '[Ruminococcus] gnavus']"
188,Bacteria,Firmicutes,Clostridia,Clostridiales,Lachnospiraceae,Blautia,[Ruminococcus] torques,"['Bacteria', 'Firmicutes', 'Clostridia', 'Clostridiales', 'Lachnospiraceae', 'Blautia', '[Ruminococcus] torques']"
189,Bacteria,Firmicutes,Clostridia,Clostridiales,Lachnospiraceae,Blautia,uncultured Blautia sp.,"['Bacteria', 'Firmicutes', 'Clostridia', 'Clostridiales', 'Lachnospiraceae', 'Blautia', 'uncultured Blautia sp.']"
190,Bacteria,Firmicutes,Clostridia,Clostridiales,Lachnospiraceae,Coprococcus,Coprococcus eutactus,"['Bacteria', 'Firmicutes', 'Clostridia', 'Clostridiales', 'Lachnospiraceae', 'Coprococcus', 'Coprococcus eutactus']"
191,Bacteria,Firmicutes,Clostridia,Clostridiales,Lachnospiraceae,Dorea,Dorea longicatena,"['Bacteria', 'Firmicutes', 'Clostridia', 'Clostridiales', 'Lachnospiraceae', 'Dorea', 'Dorea longicatena']"
192,Bacteria,Firmicutes,Clostridia,Clostridiales,Lachnospiraceae,Dorea,Dorea sp. 5-2,"['Bacteria', 'Firmicutes', 'Clostridia', 'Clostridiales', 'Lachnospiraceae', 'Dorea', 'Dorea sp. 5-2']"
193,Bacteria,Firmicutes,Clostridia,Clostridiales,Lachnospiraceae,Lachnoclostridium,[Clostridium] bolteae,"['Bacteria', 'Firmicutes', 'Clostridia', 'Clostridiales', 'Lachnospiraceae', 'Lachnoclostridium', '[Clostridium] bolteae']"
194,Bacteria,Firmicutes,Clostridia,Clostridiales,Lachnospiraceae,Lachnoclostridium,[Clostridium] clostridioforme,"['Bacteria', 'Firmicutes', 'Clostridia', 'Clostridiales', 'Lachnospiraceae', 'Lachnoclostridium', '[Clostridium] clostridioforme']"
195,Bacteria,Firmicutes,Clostridia,Clostridiales,Lachnospiraceae,Lachnoclostridium,[Clostridium] scindens,"['Bacteria', 'Firmicutes', 'Clostridia', 'Clostridiales', 'Lachnospiraceae', 'Lachnoclostridium', '[Clostridium] scindens']"
196,Bacteria,Firmicutes,Clostridia,Clostridiales,Lachnospiraceae,Oribacterium,Oribacterium sp. oral taxon 078,"['Bacteria', 'Firmicutes', 'Clostridia', 'Clostridiales', 'Lachnospiraceae', 'Oribacterium', 'Oribacterium sp. oral taxon 078']"
197,Bacteria,Firmicutes,Clostridia,Clostridiales,Peptostreptococcaceae,,,"['Bacteria', 'Firmicutes', 'Clostridia', 'Clostridiales', 'Peptostreptococcaceae']"
198,Bacteria,Firmicutes,Clostridia,Clostridiales,Peptostreptococcaceae,,[Clostridium] hiranonis,"['Bacteria', 'Firmicutes', 'Clostridia', 'Clostridiales', 'Peptostreptococcaceae', '[Clostridium] hiranonis']"
199,Bacteria,Firmicutes,Clostridia,Clostridiales,Ruminococcaceae,Anaerotruncus,Anaerotruncus colihominis,"['Bacteria', 'Firmicutes', 'Clostridia', 'Clostridiales', 'Ruminococcaceae', 'Anaerotruncus', 'Anaerotruncus colihominis']"
200,Bacteria,Firmicutes,Clostridia,Clostridiales,Ruminococcaceae,Faecalibacterium,Faecalibacterium prausnitzii,"['Bacteria', 'Firmicutes', 'Clostridia', 'Clostridiales', 'Ruminococcaceae', 'Faecalibacterium', 'Faecalibacterium prausnitzii']"
201,Bacteria,Firmicutes,Clostridia,Clostridiales,Ruminococcaceae,Ruminiclostridium,[Clostridium] papyrosolvens,"['Bacteria', 'Firmicutes', 'Clostridia', 'Clostridiales', 'Ruminococcaceae', 'Ruminiclostridium', '[Clostridium] papyrosolvens']"
202,Bacteria,Firmicutes,Clostridia,Clostridiales,Ruminococcaceae,Ruminococcus,Ruminococcus sp. DSM 100440,"['Bacteria', 'Firmicutes', 'Clostridia', 'Clostridiales', 'Ruminococcaceae', 'Ruminococcus', 'Ruminococcus sp. DSM 100440']"
203,Bacteria,Firmicutes,Clostridia,Clostridiales,Ruminococcaceae,Ruminococcus,uncultured Ruminococcus sp.,"['Bacteria', 'Firmicutes', 'Clostridia', 'Clostridiales', 'Ruminococcaceae', 'Ruminococcus', 'uncultured Ruminococcus sp.']"
204,Bacteria,Firmicutes,Erysipelotrichia,Erysipelotrichales,Erysipelotrichaceae,Catenibacterium,Catenibacterium mitsuokai,"['Bacteria', 'Firmicutes', 'Erysipelotrichia', 'Erysipelotrichales', 'Erysipelotrichaceae', 'Catenibacterium', 'Catenibacterium mitsuokai']"
205,Bacteria,Firmicutes,Erysipelotrichia,Erysipelotrichales,Erysipelotrichaceae,Coprobacillus,Coprobacillus sp. 8_1_38FAA,"['Bacteria', 'Firmicutes', 'Erysipelotrichia', 'Erysipelotrichales', 'Erysipelotrichaceae', 'Coprobacillus', 'Coprobacillus sp. 8_1_38FAA']"
206,Bacteria,Firmicutes,Negativicutes,Acidaminococcales,Acidaminococcaceae,Phascolarctobacterium,Phascolarctobacterium sp. CAG:207,"['Bacteria', 'Firmicutes', 'Negativicutes', 'Acidaminococcales', 'Acidaminococcaceae', 'Phascolarctobacterium', 'Phascolarctobacterium sp. CAG:207']"
207,Bacteria,Firmicutes,Negativicutes,Selenomonadales,Selenomonadaceae,Selenomonas,Selenomonas sp. CM52,"['Bacteria', 'Firmicutes', 'Negativicutes', 'Selenomonadales', 'Selenomonadaceae', 'Selenomonas', 'Selenomonas sp. CM52']"
208,Bacteria,Firmicutes,Negativicutes,Selenomonadales,Selenomonadaceae,Selenomonas,Selenomonas sp. oral taxon 138,"['Bacteria', 'Firmicutes', 'Negativicutes', 'Selenomonadales', 'Selenomonadaceae', 'Selenomonas', 'Selenomonas sp. oral taxon 138']"
209,Bacteria,Firmicutes,Negativicutes,Veillonellales,Veillonellaceae,Veillonella,Veillonella sp. DORA_A_3_16_22,"['Bacteria', 'Firmicutes', 'Negativicutes', 'Veillonellales', 'Veillonellaceae', 'Veillonella', 'Veillonella sp. DORA_A_3_16_22']"
210,Bacteria,Fusobacteria,Fusobacteriia,Fusobacteriales,Fusobacteriaceae,Fusobacterium,Fusobacterium sp. CM21,"['Bacteria', 'Fusobacteria', 'Fusobacteriia', 'Fusobacteriales', 'Fusobacteriaceae', 'Fusobacterium', 'Fusobacterium sp. CM21']"
211,Bacteria,Proteobacteria,,,,,,"['Bacteria', 'Proteobacteria']"
212,Bacteria,Proteobacteria,Alphaproteobacteria,,,,,"['Bacteria', 'Proteobacteria', 'Alphaproteobacteria']"
213,Bacteria,Proteobacteria,Alphaproteobacteria,Caulobacterales,Caulobacteraceae,Asticcacaulis,,"['Bacteria', 'Proteobacteria', 'Alphaproteobacteria', 'Caulobacterales', 'Caulobacteraceae', 'Asticcacaulis']"
214,Bacteria,Proteobacteria,Alphaproteobacteria,Caulobacterales,Caulobacteraceae,Asticcacaulis,Asticcacaulis excentricus,"['Bacteria', 'Proteobacteria', 'Alphaproteobacteria', 'Caulobacterales', 'Caulobacteraceae', 'Asticcacaulis', 'Asticcacaulis excentricus']"
215,Bacteria,Proteobacteria,Alphaproteobacteria,Caulobacterales,Caulobacteraceae,Asticcacaulis,Asticcacaulis sp. YBE204,"['Bacteria', 'Proteobacteria', 'Alphaproteobacteria', 'Caulobacterales', 'Caulobacteraceae', 'Asticcacaulis', 'Asticcacaulis sp. YBE204']"
216,Bacteria,Proteobacteria,Alphaproteobacteria,Caulobacterales,Caulobacteraceae,Brevundimonas,,"['Bacteria', 'Proteobacteria', 'Alphaproteobacteria', 'Caulobacterales', 'Caulobacteraceae', 'Brevundimonas']"
217,Bacteria,Proteobacteria,Alphaproteobacteria,Caulobacterales,Caulobacteraceae,Caulobacter,,"['Bacteria', 'Proteobacteria', 'Alphaproteobacteria', 'Caulobacterales', 'Caulobacteraceae', 'Caulobacter']"
218,Bacteria,Proteobacteria,Alphaproteobacteria,Caulobacterales,Caulobacteraceae,Caulobacter,Caulobacter segnis,"['Bacteria', 'Proteobacteria', 'Alphaproteobacteria', 'Caulobacterales', 'Caulobacteraceae', 'Caulobacter', 'Caulobacter segnis']"
219,Bacteria,Proteobacteria,Alphaproteobacteria,Caulobacterales,Caulobacteraceae,Caulobacter,Caulobacter vibrioides,"['Bacteria', 'Proteobacteria', 'Alphaproteobacteria', 'Caulobacterales', 'Caulobacteraceae', 'Caulobacter', 'Caulobacter vibrioides']"
220,Bacteria,Proteobacteria,Alphaproteobacteria,Rhizobiales,,,,"['Bacteria', 'Proteobacteria', 'Alphaproteobacteria', 'Rhizobiales']"
221,Bacteria,Proteobacteria,Alphaproteobacteria,Rhizobiales,Bradyrhizobiaceae,,,"['Bacteria', 'Proteobacteria', 'Alphaproteobacteria', 'Rhizobiales', 'Bradyrhizobiaceae']"
222,Bacteria,Proteobacteria,Alphaproteobacteria,Rhizobiales,Bradyrhizobiaceae,Afipia,Afipia sp. GAS231,"['Bacteria', 'Proteobacteria', 'Alphaproteobacteria', 'Rhizobiales', 'Bradyrhizobiaceae', 'Afipia', 'Afipia sp. GAS231']"
223,Bacteria,Proteobacteria,Alphaproteobacteria,Rhizobiales,Bradyrhizobiaceae,Bradyrhizobium,,"['Bacteria', 'Proteobacteria', 'Alphaproteobacteria', 'Rhizobiales', 'Bradyrhizobiaceae', 'Bradyrhizobium']"
224,Bacteria,Proteobacteria,Alphaproteobacteria,Rhizobiales,Bradyrhizobiaceae,Bradyrhizobium,Bradyrhizobium canariense,"['Bacteria', 'Proteobacteria', 'Alphaproteobacteria', 'Rhizobiales', 'Bradyrhizobiaceae', 'Bradyrhizobium', 'Bradyrhizobium canariense']"
225,Bacteria,Proteobacteria,Alphaproteobacteria,Rhizobiales,Bradyrhizobiaceae,Bradyrhizobium,Bradyrhizobium embrapense,"['Bacteria', 'Proteobacteria', 'Alphaproteobacteria', 'Rhizobiales', 'Bradyrhizobiaceae', 'Bradyrhizobium', 'Bradyrhizobium embrapense']"
226,Bacteria,Proteobacteria,Alphaproteobacteria,Rhizobiales,Bradyrhizobiaceae,Bradyrhizobium,Bradyrhizobium pachyrhizi,"['Bacteria', 'Proteobacteria', 'Alphaproteobacteria', 'Rhizobiales', 'Bradyrhizobiaceae', 'Bradyrhizobium', 'Bradyrhizobium pachyrhizi']"
227,Bacteria,Proteobacteria,Alphaproteobacteria,Rhizobiales,Bradyrhizobiaceae,Bradyrhizobium,Bradyrhizobium sp. CCH10-C7,"['Bacteria', 'Proteobacteria', 'Alphaproteobacteria', 'Rhizobiales', 'Bradyrhizobiaceae', 'Bradyrhizobium', 'Bradyrhizobium sp. CCH10-C7']"
228,Bacteria,Proteobacteria,Alphaproteobacteria,Rhizobiales,Bradyrhizobiaceae,Bradyrhizobium,Bradyrhizobium sp. DFCI-1,"['Bacteria', 'Proteobacteria', 'Alphaproteobacteria', 'Rhizobiales', 'Bradyrhizobiaceae', 'Bradyrhizobium', 'Bradyrhizobium sp. DFCI-1']"
229,Bacteria,Proteobacteria,Alphaproteobacteria,Rhizobiales,Bradyrhizobiaceae,Bradyrhizobium,Bradyrhizobium sp. Ec3.3,"['Bacteria', 'Proteobacteria', 'Alphaproteobacteria', 'Rhizobiales', 'Bradyrhizobiaceae', 'Bradyrhizobium', 'Bradyrhizobium sp. Ec3.3']"
230,Bacteria,Proteobacteria,Alphaproteobacteria,Rhizobiales,Bradyrhizobiaceae,Bradyrhizobium,Bradyrhizobium sp. Gha,"['Bacteria', 'Proteobacteria', 'Alphaproteobacteria', 'Rhizobiales', 'Bradyrhizobiaceae', 'Bradyrhizobium', 'Bradyrhizobium sp. Gha']"
231,Bacteria,Proteobacteria,Alphaproteobacteria,Rhizobiales,Bradyrhizobiaceae,Bradyrhizobium,Bradyrhizobium sp. WSM3983,"['Bacteria', 'Proteobacteria', 'Alphaproteobacteria', 'Rhizobiales', 'Bradyrhizobiaceae', 'Bradyrhizobium', 'Bradyrhizobium sp. WSM3983']"
232,Bacteria,Proteobacteria,Alphaproteobacteria,Rhizobiales,Bradyrhizobiaceae,Nitrobacter,,"['Bacteria', 'Proteobacteria', 'Alphaproteobacteria', 'Rhizobiales', 'Bradyrhizobiaceae', 'Nitrobacter']"
233,Bacteria,Proteobacteria,Alphaproteobacteria,Rhizobiales,Cohaesibacteraceae,Cohaesibacter,Cohaesibacter marisflavi,"['Bacteria', 'Proteobacteria', 'Alphaproteobacteria', 'Rhizobiales', 'Cohaesibacteraceae', 'Cohaesibacter', 'Cohaesibacter marisflavi']"
234,Bacteria,Proteobacteria,Alphaproteobacteria,Rhizobiales,Hyphomicrobiaceae,,,"['Bacteria', 'Proteobacteria', 'Alphaproteobacteria', 'Rhizobiales', 'Hyphomicrobiaceae']"
235,Bacteria,Proteobacteria,Alphaproteobacteria,Rhizobiales,Hyphomicrobiaceae,Blastochloris,Blastochloris viridis,"['Bacteria', 'Proteobacteria', 'Alphaproteobacteria', 'Rhizobiales', 'Hyphomicrobiaceae', 'Blastochloris', 'Blastochloris viridis']"
236,Bacteria,Proteobacteria,Alphaproteobacteria,Rhizobiales,Hyphomicrobiaceae,Hyphomicrobium,Hyphomicrobium sulfonivorans,"['Bacteria', 'Proteobacteria', 'Alphaproteobacteria', 'Rhizobiales', 'Hyphomicrobiaceae', 'Hyphomicrobium', 'Hyphomicrobium sulfonivorans']"
237,Bacteria,Proteobacteria,Alphaproteobacteria,Rhizobiales,Hyphomicrobiaceae,Rhodoplanes,Rhodoplanes sp. Z2-YC6860,"['Bacteria', 'Proteobacteria', 'Alphaproteobacteria', 'Rhizobiales', 'Hyphomicrobiaceae', 'Rhodoplanes', 'Rhodoplanes sp. Z2-YC6860']"
238,Bacteria,Proteobacteria,Alphaproteobacteria,Rhizobiales,Phyllobacteriaceae,Mesorhizobium,,"['Bacteria', 'Proteobacteria', 'Alphaproteobacteria', 'Rhizobiales', 'Phyllobacteriaceae', 'Mesorhizobium']"
239,Bacteria,Proteobacteria,Alphaproteobacteria,Rhizobiales,Phyllobacteriaceae,Mesorhizobium,Mesorhizobium qingshengii,"['Bacteria', 'Proteobacteria', 'Alphaproteobacteria', 'Rhizobiales', 'Phyllobacteriaceae', 'Mesorhizobium', 'Mesorhizobium qingshengii']"
240,Bacteria,Proteobacteria,Alphaproteobacteria,Rhizobiales,Phyllobacteriaceae,Mesorhizobium,Mesorhizobium sp. URHA0056,"['Bacteria', 'Proteobacteria', 'Alphaproteobacteria', 'Rhizobiales', 'Phyllobacteriaceae', 'Mesorhizobium', 'Mesorhizobium sp. URHA0056']"
241,Bacteria,Proteobacteria,Alphaproteobacteria,Rhizobiales,Phyllobacteriaceae,Mesorhizobium,Mesorhizobium sp. URHC0008,"['Bacteria', 'Proteobacteria', 'Alphaproteobacteria', 'Rhizobiales', 'Phyllobacteriaceae', 'Mesorhizobium', 'Mesorhizobium sp. URHC0008']"
242,Bacteria,Proteobacteria,Alphaproteobacteria,Rhizobiales,Phyllobacteriaceae,Mesorhizobium,Mesorhizobium sp. YR577,"['Bacteria', 'Proteobacteria', 'Alphaproteobacteria', 'Rhizobiales', 'Phyllobacteriaceae', 'Mesorhizobium', 'Mesorhizobium sp. YR577']"
243,Bacteria,Proteobacteria,Alphaproteobacteria,Rhizobiales,Xanthobacteraceae,Pseudolabrys,Pseudolabrys sp. Root1462,"['Bacteria', 'Proteobacteria', 'Alphaproteobacteria', 'Rhizobiales', 'Xanthobacteraceae', 'Pseudolabrys', 'Pseudolabrys sp. Root1462']"
244,Bacteria,Proteobacteria,Alphaproteobacteria,Rhodobacterales,Rhodobacteraceae,Nioella,Nioella sediminis,"['Bacteria', 'Proteobacteria', 'Alphaproteobacteria', 'Rhodobacterales', 'Rhodobacteraceae', 'Nioella', 'Nioella sediminis']"
245,Bacteria,Proteobacteria,Alphaproteobacteria,Rhodobacterales,Rhodobacteraceae,Paracoccus,,"['Bacteria', 'Proteobacteria', 'Alphaproteobacteria', 'Rhodobacterales', 'Rhodobacteraceae', 'Paracoccus']"
246,Bacteria,Proteobacteria,Alphaproteobacteria,Rhodospirillales,,,,"['Bacteria', 'Proteobacteria', 'Alphaproteobacteria', 'Rhodospirillales']"
247,Bacteria,Proteobacteria,Alphaproteobacteria,Rhodospirillales,,,Rhodospirillales bacterium URHD0017,"['Bacteria', 'Proteobacteria', 'Alphaproteobacteria', 'Rhodospirillales', 'Rhodospirillales bacterium URHD0017']"
248,Bacteria,Proteobacteria,Alphaproteobacteria,Rhodospirillales,Acetobacteraceae,,,"['Bacteria', 'Proteobacteria', 'Alphaproteobacteria', 'Rhodospirillales', 'Acetobacteraceae']"
249,Bacteria,Proteobacteria,Alphaproteobacteria,Rhodospirillales,Acetobacteraceae,Acetobacter,Acetobacter syzygii,"['Bacteria', 'Proteobacteria', 'Alphaproteobacteria', 'Rhodospirillales', 'Acetobacteraceae', 'Acetobacter', 'Acetobacter syzygii']"
250,Bacteria,Proteobacteria,Alphaproteobacteria,Rhodospirillales,Acetobacteraceae,Acidisphaera,Acidisphaera rubrifaciens,"['Bacteria', 'Proteobacteria', 'Alphaproteobacteria', 'Rhodospirillales', 'Acetobacteraceae', 'Acidisphaera', 'Acidisphaera rubrifaciens']"
251,Bacteria,Proteobacteria,Alphaproteobacteria,Rhodospirillales,Rhodospirillaceae,,,"['Bacteria', 'Proteobacteria', 'Alphaproteobacteria', 'Rhodospirillales', 'Rhodospirillaceae']"
252,Bacteria,Proteobacteria,Alphaproteobacteria,Rhodospirillales,Rhodospirillaceae,Pararhodospirillum,Pararhodospirillum photometricum,"['Bacteria', 'Proteobacteria', 'Alphaproteobacteria', 'Rhodospirillales', 'Rhodospirillaceae', 'Pararhodospirillum', 'Pararhodospirillum photometricum']"
253,Bacteria,Proteobacteria,Alphaproteobacteria,Rickettsiales,Rickettsiaceae,Orientia,,"['Bacteria', 'Proteobacteria', 'Alphaproteobacteria', 'Rickettsiales', 'Rickettsiaceae', 'Orientia']"
254,Bacteria,Proteobacteria,Alphaproteobacteria,Rickettsiales,Rickettsiaceae,Rickettsia,Rickettsia monacensis,"['Bacteria', 'Proteobacteria', 'Alphaproteobacteria', 'Rickettsiales', 'Rickettsiaceae', 'Rickettsia', 'Rickettsia monacensis']"
255,Bacteria,Proteobacteria,Alphaproteobacteria,Sphingomonadales,,,,"['Bacteria', 'Proteobacteria', 'Alphaproteobacteria', 'Sphingomonadales']"
256,Bacteria,Proteobacteria,Alphaproteobacteria,Sphingomonadales,Sphingomonadaceae,,,"['Bacteria', 'Proteobacteria', 'Alphaproteobacteria', 'Sphingomonadales', 'Sphingomonadaceae']"
257,Bacteria,Proteobacteria,Alphaproteobacteria,Sphingomonadales,Sphingomonadaceae,Novosphingobium,Novosphingobium sp. SCN 66-18,"['Bacteria', 'Proteobacteria', 'Alphaproteobacteria', 'Sphingomonadales', 'Sphingomonadaceae', 'Novosphingobium', 'Novosphingobium sp. SCN 66-18']"
258,Bacteria,Proteobacteria,Alphaproteobacteria,Sphingomonadales,Sphingomonadaceae,Sphingobium,,"['Bacteria', 'Proteobacteria', 'Alphaproteobacteria', 'Sphingomonadales', 'Sphingomonadaceae', 'Sphingobium']"
259,Bacteria,Proteobacteria,Alphaproteobacteria,Sphingomonadales,Sphingomonadaceae,Sphingomonas,,"['Bacteria', 'Proteobacteria', 'Alphaproteobacteria', 'Sphingomonadales', 'Sphingomonadaceae', 'Sphingomonas']"
260,Bacteria,Proteobacteria,Alphaproteobacteria,Sphingomonadales,Sphingomonadaceae,Sphingomonas,Sphingomonas taxi,"['Bacteria', 'Proteobacteria', 'Alphaproteobacteria', 'Sphingomonadales', 'Sphingomonadaceae', 'Sphingomonas', 'Sphingomonas taxi']"
261,Bacteria,Proteobacteria,Alphaproteobacteria,Sphingomonadales,Sphingomonadaceae,Sphingopyxis,,"['Bacteria', 'Proteobacteria', 'Alphaproteobacteria', 'Sphingomonadales', 'Sphingomonadaceae', 'Sphingopyxis']"
262,Bacteria,Proteobacteria,Betaproteobacteria,,,,,"['Bacteria', 'Proteobacteria', 'Betaproteobacteria']"
263,Bacteria,Proteobacteria,Betaproteobacteria,,,,Betaproteobacteria bacterium SCGC AG-212-J23,"['Bacteria', 'Proteobacteria', 'Betaproteobacteria', 'Betaproteobacteria bacterium SCGC AG-212-J23']"
264,Bacteria,Proteobacteria,Betaproteobacteria,Burkholderiales,,,,"['Bacteria', 'Proteobacteria', 'Betaproteobacteria', 'Burkholderiales']"
265,Bacteria,Proteobacteria,Betaproteobacteria,Burkholderiales,,Rhizobacter,Rhizobacter sp. Root16D2,"['Bacteria', 'Proteobacteria', 'Betaproteobacteria', 'Burkholderiales', 'Rhizobacter', 'Rhizobacter sp. Root16D2']"
266,Bacteria,Proteobacteria,Betaproteobacteria,Burkholderiales,Alcaligenaceae,,,"['Bacteria', 'Proteobacteria', 'Betaproteobacteria', 'Burkholderiales', 'Alcaligenaceae']"
267,Bacteria,Proteobacteria,Betaproteobacteria,Burkholderiales,Alcaligenaceae,Taylorella,Taylorella asinigenitalis,"['Bacteria', 'Proteobacteria', 'Betaproteobacteria', 'Burkholderiales', 'Alcaligenaceae', 'Taylorella', 'Taylorella asinigenitalis']"
268,Bacteria,Proteobacteria,Betaproteobacteria,Burkholderiales,Comamonadaceae,,,"['Bacteria', 'Proteobacteria', 'Betaproteobacteria', 'Burkholderiales', 'Comamonadaceae']"
269,Bacteria,Proteobacteria,Betaproteobacteria,Burkholderiales,Comamonadaceae,Acidovorax,,"['Bacteria', 'Proteobacteria', 'Betaproteobacteria', 'Burkholderiales', 'Comamonadaceae', 'Acidovorax']"
270,Bacteria,Proteobacteria,Betaproteobacteria,Burkholderiales,Comamonadaceae,Acidovorax,Acidovorax sp. RAC01,"['Bacteria', 'Proteobacteria', 'Betaproteobacteria', 'Burkholderiales', 'Comamonadaceae', 'Acidovorax', 'Acidovorax sp. RAC01']"
271,Bacteria,Proteobacteria,Betaproteobacteria,Burkholderiales,Comamonadaceae,Acidovorax,Acidovorax wautersii,"['Bacteria', 'Proteobacteria', 'Betaproteobacteria', 'Burkholderiales', 'Comamonadaceae', 'Acidovorax', 'Acidovorax wautersii']"
272,Bacteria,Proteobacteria,Betaproteobacteria,Burkholderiales,Comamonadaceae,Curvibacter,,"['Bacteria', 'Proteobacteria', 'Betaproteobacteria', 'Burkholderiales', 'Comamonadaceae', 'Curvibacter']"
273,Bacteria,Proteobacteria,Betaproteobacteria,Burkholderiales,Comamonadaceae,Curvibacter,Curvibacter gracilis,"['Bacteria', 'Proteobacteria', 'Betaproteobacteria', 'Burkholderiales', 'Comamonadaceae', 'Curvibacter', 'Curvibacter gracilis']"
274,Bacteria,Proteobacteria,Betaproteobacteria,Burkholderiales,Comamonadaceae,Curvibacter,Curvibacter putative symbiont of Hydra magnipapillata,"['Bacteria', 'Proteobacteria', 'Betaproteobacteria', 'Burkholderiales', 'Comamonadaceae', 'Curvibacter', 'Curvibacter putative symbiont of Hydra magnipapillata']"
275,Bacteria,Proteobacteria,Betaproteobacteria,Burkholderiales,Comamonadaceae,Delftia,,"['Bacteria', 'Proteobacteria', 'Betaproteobacteria', 'Burkholderiales', 'Comamonadaceae', 'Delftia']"
276,Bacteria,Proteobacteria,Betaproteobacteria,Burkholderiales,Comamonadaceae,Limnohabitans,,"['Bacteria', 'Proteobacteria', 'Betaproteobacteria', 'Burkholderiales', 'Comamonadaceae', 'Limnohabitans']"
277,Bacteria,Proteobacteria,Betaproteobacteria,Burkholderiales,Comamonadaceae,Variovorax,Variovorax sp. EL159,"['Bacteria', 'Proteobacteria', 'Betaproteobacteria', 'Burkholderiales', 'Comamonadaceae', 'Variovorax', 'Variovorax sp. EL159']"
278,Bacteria,Proteobacteria,Betaproteobacteria,Burkholderiales,Comamonadaceae,Xenophilus,Xenophilus azovorans,"['Bacteria', 'Proteobacteria', 'Betaproteobacteria', 'Burkholderiales', 'Comamonadaceae', 'Xenophilus', 'Xenophilus azovorans']"
279,Bacteria,Proteobacteria,Betaproteobacteria,Burkholderiales,Oxalobacteraceae,,,"['Bacteria', 'Proteobacteria', 'Betaproteobacteria', 'Burkholderiales', 'Oxalobacteraceae']"
280,Bacteria,Proteobacteria,Betaproteobacteria,Burkholderiales,Oxalobacteraceae,Janthinobacterium,,"['Bacteria', 'Proteobacteria', 'Betaproteobacteria', 'Burkholderiales', 'Oxalobacteraceae', 'Janthinobacterium']"
281,Bacteria,Proteobacteria,Betaproteobacteria,Burkholderiales,Oxalobacteraceae,Janthinobacterium,Janthinobacterium sp. HH01,"['Bacteria', 'Proteobacteria', 'Betaproteobacteria', 'Burkholderiales', 'Oxalobacteraceae', 'Janthinobacterium', 'Janthinobacterium sp. HH01']"
282,Bacteria,Proteobacteria,Betaproteobacteria,Burkholderiales,Oxalobacteraceae,Massilia,Massilia timonae,"['Bacteria', 'Proteobacteria', 'Betaproteobacteria', 'Burkholderiales', 'Oxalobacteraceae', 'Massilia', 'Massilia timonae']"
283,Bacteria,Proteobacteria,Betaproteobacteria,Neisseriales,Neisseriaceae,Snodgrassella,Snodgrassella alvi,"['Bacteria', 'Proteobacteria', 'Betaproteobacteria', 'Neisseriales', 'Neisseriaceae', 'Snodgrassella', 'Snodgrassella alvi']"
284,Bacteria,Proteobacteria,Betaproteobacteria,Nitrosomonadales,Methylophilaceae,Methylophilus,Methylophilus sp. TWE2,"['Bacteria', 'Proteobacteria', 'Betaproteobacteria', 'Nitrosomonadales', 'Methylophilaceae', 'Methylophilus', 'Methylophilus sp. TWE2']"
285,Bacteria,Proteobacteria,Betaproteobacteria,Nitrosomonadales,Sterolibacteriaceae,Methyloversatilis,Methyloversatilis universalis,"['Bacteria', 'Proteobacteria', 'Betaproteobacteria', 'Nitrosomonadales', 'Sterolibacteriaceae', 'Methyloversatilis', 'Methyloversatilis universalis']"
286,Bacteria,Proteobacteria,Deltaproteobacteria,,,,Deltaproteobacteria bacterium RIFOXYD12_FULL_57_12,"['Bacteria', 'Proteobacteria', 'Deltaproteobacteria', 'Deltaproteobacteria bacterium RIFOXYD12_FULL_57_12']"
287,Bacteria,Proteobacteria,Deltaproteobacteria,Myxococcales,Polyangiaceae,Sorangium,Sorangium cellulosum,"['Bacteria', 'Proteobacteria', 'Deltaproteobacteria', 'Myxococcales', 'Polyangiaceae', 'Sorangium', 'Sorangium cellulosum']"
288,Bacteria,Proteobacteria,Deltaproteobacteria,Myxococcales,Sandaracinaceae,Sandaracinus,Sandaracinus amylolyticus,"['Bacteria', 'Proteobacteria', 'Deltaproteobacteria', 'Myxococcales', 'Sandaracinaceae', 'Sandaracinus', 'Sandaracinus amylolyticus']"
289,Bacteria,Proteobacteria,Deltaproteobacteria,Syntrophobacterales,Syntrophaceae,Desulfobacca,Desulfobacca acetoxidans,"['Bacteria', 'Proteobacteria', 'Deltaproteobacteria', 'Syntrophobacterales', 'Syntrophaceae', 'Desulfobacca', 'Desulfobacca acetoxidans']"
290,Bacteria,Proteobacteria,Epsilonproteobacteria,Campylobacterales,Campylobacteraceae,Campylobacter,Campylobacter jejuni,"['Bacteria', 'Proteobacteria', 'Epsilonproteobacteria', 'Campylobacterales', 'Campylobacteraceae', 'Campylobacter', 'Campylobacter jejuni']"
291,Bacteria,Proteobacteria,Gammaproteobacteria,,,,,"['Bacteria', 'Proteobacteria', 'Gammaproteobacteria']"
292,Bacteria,Proteobacteria,Gammaproteobacteria,,,,Gammaproteobacteria bacterium 2W06,"['Bacteria', 'Proteobacteria', 'Gammaproteobacteria', 'Gammaproteobacteria bacterium 2W06']"
293,Bacteria,Proteobacteria,Gammaproteobacteria,,,,methanotrophic bacterial endosymbiont of Bathymodiolus sp.,"['Bacteria', 'Proteobacteria', 'Gammaproteobacteria', 'methanotrophic bacterial endosymbiont of Bathymodiolus sp.']"
294,Bacteria,Proteobacteria,Gammaproteobacteria,,,,uncultured gamma proteobacterium HF0010_05D02,"['Bacteria', 'Proteobacteria', 'Gammaproteobacteria', 'uncultured gamma proteobacterium HF0010_05D02']"
295,Bacteria,Proteobacteria,Gammaproteobacteria,Aeromonadales,Aeromonadaceae,Aeromonas,,"['Bacteria', 'Proteobacteria', 'Gammaproteobacteria', 'Aeromonadales', 'Aeromonadaceae', 'Aeromonas']"
296,Bacteria,Proteobacteria,Gammaproteobacteria,Alteromonadales,Pseudoalteromonadaceae,Pseudoalteromonas,Pseudoalteromonas agarivorans,"['Bacteria', 'Proteobacteria', 'Gammaproteobacteria', 'Alteromonadales', 'Pseudoalteromonadaceae', 'Pseudoalteromonas', 'Pseudoalteromonas agarivorans']"
297,Bacteria,Proteobacteria,Gammaproteobacteria,Alteromonadales,Shewanellaceae,Shewanella,Shewanella colwelliana,"['Bacteria', 'Proteobacteria', 'Gammaproteobacteria', 'Alteromonadales', 'Shewanellaceae', 'Shewanella', 'Shewanella colwelliana']"
298,Bacteria,Proteobacteria,Gammaproteobacteria,Chromatiales,Chromatiaceae,Thiocapsa,Thiocapsa rosea,"['Bacteria', 'Proteobacteria', 'Gammaproteobacteria', 'Chromatiales', 'Chromatiaceae', 'Thiocapsa', 'Thiocapsa rosea']"
299,Bacteria,Proteobacteria,Gammaproteobacteria,Enterobacterales,,,,"['Bacteria', 'Proteobacteria', 'Gammaproteobacteria', 'Enterobacterales']"
300,Bacteria,Proteobacteria,Gammaproteobacteria,Enterobacterales,Enterobacteriaceae,,,"['Bacteria', 'Proteobacteria', 'Gammaproteobacteria', 'Enterobacterales', 'Enterobacteriaceae']"
301,Bacteria,Proteobacteria,Gammaproteobacteria,Enterobacterales,Enterobacteriaceae,Escherichia,,"['Bacteria', 'Proteobacteria', 'Gammaproteobacteria', 'Enterobacterales', 'Enterobacteriaceae', 'Escherichia']"
302,Bacteria,Proteobacteria,Gammaproteobacteria,Enterobacterales,Enterobacteriaceae,Escherichia,Escherichia albertii,"['Bacteria', 'Proteobacteria', 'Gammaproteobacteria', 'Enterobacterales', 'Enterobacteriaceae', 'Escherichia', 'Escherichia albertii']"
303,Bacteria,Proteobacteria,Gammaproteobacteria,Enterobacterales,Enterobacteriaceae,Escherichia,Escherichia coli,"['Bacteria', 'Proteobacteria', 'Gammaproteobacteria', 'Enterobacterales', 'Enterobacteriaceae', 'Escherichia', 'Escherichia coli']"
304,Bacteria,Proteobacteria,Gammaproteobacteria,Enterobacterales,Enterobacteriaceae,Klebsiella,Klebsiella pneumoniae,"['Bacteria', 'Proteobacteria', 'Gammaproteobacteria', 'Enterobacterales', 'Enterobacteriaceae', 'Klebsiella', 'Klebsiella pneumoniae']"
305,Bacteria,Proteobacteria,Gammaproteobacteria,Enterobacterales,Enterobacteriaceae,Salmonella,Salmonella enterica,"['Bacteria', 'Proteobacteria', 'Gammaproteobacteria', 'Enterobacterales', 'Enterobacteriaceae', 'Salmonella', 'Salmonella enterica']"
306,Bacteria,Proteobacteria,Gammaproteobacteria,Enterobacterales,Enterobacteriaceae,Shigella,Shigella flexneri,"['Bacteria', 'Proteobacteria', 'Gammaproteobacteria', 'Enterobacterales', 'Enterobacteriaceae', 'Shigella', 'Shigella flexneri']"
307,Bacteria,Proteobacteria,Gammaproteobacteria,Enterobacterales,Enterobacteriaceae,Shigella,Shigella sonnei,"['Bacteria', 'Proteobacteria', 'Gammaproteobacteria', 'Enterobacterales', 'Enterobacteriaceae', 'Shigella', 'Shigella sonnei']"
308,Bacteria,Proteobacteria,Gammaproteobacteria,Enterobacterales,Enterobacteriaceae,Shigella,Shigella sp. FC569,"['Bacteria', 'Proteobacteria', 'Gammaproteobacteria', 'Enterobacterales', 'Enterobacteriaceae', 'Shigella', 'Shigella sp. FC569']"
309,Bacteria,Proteobacteria,Gammaproteobacteria,Enterobacterales,Erwiniaceae,Erwinia,Erwinia billingiae,"['Bacteria', 'Proteobacteria', 'Gammaproteobacteria', 'Enterobacterales', 'Erwiniaceae', 'Erwinia', 'Erwinia billingiae']"
310,Bacteria,Proteobacteria,Gammaproteobacteria,Enterobacterales,Erwiniaceae,Pantoea,,"['Bacteria', 'Proteobacteria', 'Gammaproteobacteria', 'Enterobacterales', 'Erwiniaceae', 'Pantoea']"
311,Bacteria,Proteobacteria,Gammaproteobacteria,Enterobacterales,Erwiniaceae,Pantoea,Pantoea ananatis,"['Bacteria', 'Proteobacteria', 'Gammaproteobacteria', 'Enterobacterales', 'Erwiniaceae', 'Pantoea', 'Pantoea ananatis']"
312,Bacteria,Proteobacteria,Gammaproteobacteria,Enterobacterales,Morganellaceae,Moellerella,Moellerella wisconsensis,"['Bacteria', 'Proteobacteria', 'Gammaproteobacteria', 'Enterobacterales', 'Morganellaceae', 'Moellerella', 'Moellerella wisconsensis']"
313,Bacteria,Proteobacteria,Gammaproteobacteria,Enterobacterales,Pectobacteriaceae,Dickeya,Dickeya dianthicola,"['Bacteria', 'Proteobacteria', 'Gammaproteobacteria', 'Enterobacterales', 'Pectobacteriaceae', 'Dickeya', 'Dickeya dianthicola']"
314,Bacteria,Proteobacteria,Gammaproteobacteria,Enterobacterales,Yersiniaceae,Serratia,Serratia liquefaciens,"['Bacteria', 'Proteobacteria', 'Gammaproteobacteria', 'Enterobacterales', 'Yersiniaceae', 'Serratia', 'Serratia liquefaciens']"
315,Bacteria,Proteobacteria,Gammaproteobacteria,Enterobacterales,Yersiniaceae,Yersinia,,"['Bacteria', 'Proteobacteria', 'Gammaproteobacteria', 'Enterobacterales', 'Yersiniaceae', 'Yersinia']"
316,Bacteria,Proteobacteria,Gammaproteobacteria,Legionellales,Legionellaceae,Legionella,Legionella pneumophila,"['Bacteria', 'Proteobacteria', 'Gammaproteobacteria', 'Legionellales', 'Legionellaceae', 'Legionella', 'Legionella pneumophila']"
317,Bacteria,Proteobacteria,Gammaproteobacteria,Pseudomonadales,,,,"['Bacteria', 'Proteobacteria', 'Gammaproteobacteria', 'Pseudomonadales']"
318,Bacteria,Proteobacteria,Gammaproteobacteria,Pseudomonadales,Moraxellaceae,Acinetobacter,,"['Bacteria', 'Proteobacteria', 'Gammaproteobacteria', 'Pseudomonadales', 'Moraxellaceae', 'Acinetobacter']"
319,Bacteria,Proteobacteria,Gammaproteobacteria,Pseudomonadales,Moraxellaceae,Acinetobacter,Acinetobacter baumannii,"['Bacteria', 'Proteobacteria', 'Gammaproteobacteria', 'Pseudomonadales', 'Moraxellaceae', 'Acinetobacter', 'Acinetobacter baumannii']"
320,Bacteria,Proteobacteria,Gammaproteobacteria,Pseudomonadales,Pseudomonadaceae,Pseudomonas,,"['Bacteria', 'Proteobacteria', 'Gammaproteobacteria', 'Pseudomonadales', 'Pseudomonadaceae', 'Pseudomonas']"
321,Bacteria,Proteobacteria,Gammaproteobacteria,Pseudomonadales,Pseudomonadaceae,Pseudomonas,Pseudomonas psychrotolerans,"['Bacteria', 'Proteobacteria', 'Gammaproteobacteria', 'Pseudomonadales', 'Pseudomonadaceae', 'Pseudomonas', 'Pseudomonas psychrotolerans']"
322,Bacteria,Proteobacteria,Gammaproteobacteria,Pseudomonadales,Pseudomonadaceae,Pseudomonas,Pseudomonas sp. GM84,"['Bacteria', 'Proteobacteria', 'Gammaproteobacteria', 'Pseudomonadales', 'Pseudomonadaceae', 'Pseudomonas', 'Pseudomonas sp. GM84']"
323,Bacteria,Proteobacteria,Gammaproteobacteria,Pseudomonadales,Pseudomonadaceae,Pseudomonas,Pseudomonas sp. PH1b,"['Bacteria', 'Proteobacteria', 'Gammaproteobacteria', 'Pseudomonadales', 'Pseudomonadaceae', 'Pseudomonas', 'Pseudomonas sp. PH1b']"
324,Bacteria,Proteobacteria,Gammaproteobacteria,Salinisphaerales,Salinisphaeraceae,Salinisphaera,Salinisphaera hydrothermalis,"['Bacteria', 'Proteobacteria', 'Gammaproteobacteria', 'Salinisphaerales', 'Salinisphaeraceae', 'Salinisphaera', 'Salinisphaera hydrothermalis']"
325,Bacteria,Proteobacteria,Gammaproteobacteria,Thiotrichales,Thiotrichaceae,Achromatium,Achromatium sp. WMS1,"['Bacteria', 'Proteobacteria', 'Gammaproteobacteria', 'Thiotrichales', 'Thiotrichaceae', 'Achromatium', 'Achromatium sp. WMS1']"
